<?xml version="1.0" encoding="UTF-8" ?>
<extension type="package" version="3.3">
<name>Dutch Language Pack</name>
<packagename>nl-NL</packagename>
<version>3.3.1.1</version>
<creationDate>2014-06-11</creationDate>
<author>Dutch Translation Team</author>
<packager>JoomlaCommunity</packager>
<packagerurl>http://www.joomlacommunity.eu</packagerurl>
<description>3.3 Joomla Dutch Language Package</description>
<files>
<file type="language" client="site" id="nl-NL">site_nl-NL.zip</file>
<file type="language" client="administrator" id="nl-NL">admin_nl-NL.zip</file>
</files>
<updateservers>
	<server type="collection" priority="1" name="Accredited Joomla! Translations">http://update.joomla.org/language/translationlist_3.xml</server>
    <server type="collection" priority="2" name="Dutch Language Updates">http://download.joomlacommunity.eu/downloads/updates/translationlist_3.xml</server>
</updateservers>
</extension> 