<?xml version="1.0" encoding="UTF-8" ?>
<extension type="package" version="3.3">
  <name>French Language Pack</name>
	<packagename>fr-FR</packagename>
	<version>3.3.1.2</version>
	<creationDate>June 2014</creationDate>
	<author>French translation team : joomla.fr</author>
	<authorEmail>traduction@joomla.fr</authorEmail>
	<authorUrl>www.joomla.fr</authorUrl>
    <copyright>Copyright (C) 2005 - 2014 joomla.fr et Open Source Matters. Tous droits réservés</copyright>
	<license>GNU General Public License version 2 or later; see LICENSE.txt</license>
	<url></url>
	<packager>Joomla! French</packager>
	<packagerurl>www.joomla.fr</packagerurl>
	<description>
		<![CDATA[
		<div style="text-align:left;">
		<h3>Joomla! 3.3.1 Full French (fr-FR) Language Package - Version 3.3.1v2</h3>
		<h3>Paquet de langue Joomla! 3.3.1 français (fr-FR) complet - Version 3.3.1v2</h3>
		</div>
		]]>
	</description>
	<files>
		<file type="language" client="site" id="fr-FR">site_fr-FR.zip</file>
		<file type="language" client="administrator" id="fr-FR">admin_fr-FR.zip</file>
	</files>
	<updateservers>
		<server type="collection" priority="1" name="Accredited Joomla! Translations">http://update.joomla.org/language/translationlist_3.xml</server>
	</updateservers>
</extension>
